hash,rep,delta_g,ci95,thinning,pore,label,conf
8a024c1b0b,0,-3.9150258345038305,0.8367638400371744,0.26474940721207957,False,ok,1.0
